source_file,segment_index,reason
imuStrict_Miguel_knock_twice_left_20260929_115133.csv, 8, incorrect
imu_Miguel_knock_twice_left_20260924_093125.csv, 15, incorrect
imu_Miguel_knock_twice_left_20260925_105524.csv, 6, incorrect
imu_Miguel_knock_twice_left_20260925_105524.csv, 13, incorrect
imu_Miguel_knock_twice_left_20260925_105524.csv, 16, incorrect
imu_Miguel_knock_twice_left_20260925_105524.csv, 19, incorrect
imu_Miguel_knock_twice_left_20260925_152309.csv, 1, incorrect
imu_Miguel_knock_twice_left_20260925_152309.csv, 10, incorrect
imu_Miguel_knock_twice_left_20260925_152309.csv, 17, incorrect
imu_Miguel_knock_twice_left_20260925_152309.csv, 19, incorrect
imu_Miguel_knock_twice_right_20260923_113114.csv, 10, incorrect
imu_Miguel_knock_twice_right_20260923_113114.csv, 19, incorrect
imu_Miguel_knock_twice_right_20260924_093233.csv, 2, incorrect
imu_Miguel_knock_twice_right_20260924_093233.csv, 9, too_close_end
imu_Miguel_knock_twice_right_20260925_105401.csv, 13, incorrect
imu_Miguel_knock_twice_right_20260925_105401.csv, 14, incorrect
imu_Miguel_knock_twice_right_20260925_105401.csv, 16, incorrect
imu_Miguel_knock_twice_right_20260925_105401.csv, 19, incorrect
imu_Miguel_knock_twice_right_20260925_105401.csv, 20, unsure
imu_Miguel_knock_twice_left_20260925_152423.csv, 3, incorrect
imu_Miguel_knock_twice_right_20260923_113004.csv, 17, incorrect
imu_Miguel_knock_twice_right_20260923_113004.csv, 18, incorrect
imu_Miguel_knock_twice_right_20260923_175649.csv, 4, too_close_end
imu_Miguel_knock_twice_right_20260923_175649.csv, 8, incorrect
imu_Miguel_knock_twice_right_20260923_175649.csv, 12, incorrect
imu_Miguel_knock_twice_right_20260923_175649.csv, 19, too_close_end
imu_Miguel_knock_twice_right_20260925_105253.csv, 18, incorrect
imu_Miguel_knock_twice_right_20260925_105253.csv, 20, incorrect
imu_Miguel_knock_twice_right_20260925_152549.csv, 10, incorrect
imu_Miguel_knock_twice_right_20260925_152549.csv, 17, incorrect
imu_JYH_knock_twice_left_20260916_142814.csv, 4, probably_incorrect
imu_OLV_knock_twice_left_20260923_174506.csv, 1, highly_suspicious
imu_Miguel_knock_twice_left_20260925_152309.csv, 6, double_tap_not_found
imu_Miguel_knock_twice_left_20260925_152309.csv, 7, double_tap_not_found
imu_Miguel_knock_twice_left_20260925_105524.csv, 2, double_tap_not_found
imu_Miguel_knock_twice_left_20260925_105524.csv, 12, double_tap_not_found
imu_Miguel_knock_twice_right_20260925_105401.csv, 4, double_tap_not_found
imu_Miguel_knock_twice_right_20260925_105401.csv, 9, double_tap_not_found
imu_Miguel_knock_twice_right_20260925_105401.csv, 18, double_tap_not_found
imu_Miguel_knock_twice_right_20260925_152103.csv, 19, double_tap_not_found
imu_Miguel_knock_twice_left_20260925_152423.csv, 5, double_tap_not_found
imu_Miguel_knock_twice_left_20260925_152423.csv, 7, double_tap_not_found
