split,file,user,action,frames,fs,minutes,segments,events,segment_min,segment_max,non_300_segments,dropped_by_300_fit,padded_by_300_fit,min_dt_ms,max_dt_ms
train,imu_CC_arbitrary_20260901_154914.csv,CC,arbitrary,6048,100.0,1.008,20,0,299,304,20,49,1,10.0,10.0
train,imu_CC_knock_twice_left_20260901_153013.csv,CC,knock_twice_left,6053,100.0,1.0088333333333332,20,20,300,304,19,53,0,10.0,10.0
train,imu_CC_knock_twice_left_20260901_153310.csv,CC,knock_twice_left,6051,100.0,1.0085,20,20,300,304,19,51,0,10.0,10.0
train,imu_CC_knock_twice_right_20260901_153123.csv,CC,knock_twice_right,6051,100.0,1.0085,20,20,300,304,19,51,0,10.0,10.0
train,imu_CC_knock_twice_right_20260901_153642.csv,CC,knock_twice_right,6052,100.0,1.0086666666666668,20,20,300,305,19,52,0,10.0,10.0
train,imu_CC_pick_place_20260901_154749.csv,CC,pick_place,6052,100.0,1.0086666666666668,20,0,299,304,20,53,1,10.0,10.0
train,imu_CCx_adjust_grip_20260901_154257.csv,CCx,adjust_grip,6053,100.0,1.0088333333333332,20,0,299,304,20,54,1,10.0,10.0
train,imu_JYH_knock_twice_left_20260916_142814.csv,JYH,knock_twice_left,6053,100.0,1.0088333333333332,20,20,301,304,20,53,0,10.0,10.0
train,imu_JYH_knock_twice_right_20260916_142927.csv,JYH,knock_twice_right,6051,100.0,1.0085,20,20,301,304,20,51,0,10.0,10.0
train,imu_TY_knock_once_20260831_141648.csv,TY,knock_once,6050,100.0,1.0083333333333333,20,0,299,304,20,51,1,10.0,10.0
train,imu_TY_knock_twice_left_20260831_141050.csv,TY,knock_twice_left,6050,100.0,1.0083333333333333,20,20,299,304,20,51,1,10.0,10.0
train,imu_TY_knock_twice_left_20260831_141253.csv,TY,knock_twice_left,6053,100.0,1.0088333333333332,20,20,300,304,19,53,0,10.0,10.0
train,imu_TY_knock_twice_right_20260831_141408.csv,TY,knock_twice_right,6049,100.0,1.0081666666666667,20,20,299,304,20,50,1,10.0,10.0
train,imu_TY_knock_twice_right_20260831_141522.csv,TY,knock_twice_right,6052,100.0,1.0086666666666668,20,20,301,304,20,52,0,10.0,10.0
train,imu_YJ_adjust_grip_20260901_160339.csv,YJ,adjust_grip,6052,100.0,1.0086666666666668,20,0,298,304,20,54,2,10.0,10.0
train,imu_YJ_arbitrary_20260831_140339.csv,YJ,arbitrary,6051,100.0,1.0085,20,0,300,304,19,51,0,10.0,10.0
train,imu_YJ_knock_once_20260831_140459.csv,YJ,knock_once,6051,100.0,1.0085,20,0,299,304,20,52,1,10.0,10.0
train,imu_YJ_knock_once_20260901_160144.csv,YJ,knock_once,6049,100.0,1.0081666666666667,20,0,299,304,20,50,1,10.0,10.0
train,imu_YJ_knock_twice_left_20260831_111248.csv,YJ,knock_twice_left,6051,100.0,1.0085,20,20,299,304,20,52,1,10.0,10.0
train,imu_YJ_knock_twice_left_20260831_133418.csv,YJ,knock_twice_left,6048,100.0,1.008,20,20,300,304,19,48,0,10.0,10.0
train,imu_YJ_knock_twice_left_20260901_155513.csv,YJ,knock_twice_left,6049,100.0,1.0081666666666667,20,20,299,304,20,50,1,10.0,10.0
train,imu_YJ_knock_twice_left_20260901_155622.csv,YJ,knock_twice_left,6048,100.0,1.008,20,20,299,304,20,49,1,10.0,10.0
train,imu_YJ_knock_twice_right_20260831_112252.csv,YJ,knock_twice_right,6049,100.0,1.0081666666666667,20,20,300,304,19,49,0,10.0,10.0
train,imu_YJ_knock_twice_right_20260831_140233.csv,YJ,knock_twice_right,6051,100.0,1.0085,20,20,300,303,19,51,0,10.0,10.0
train,imu_YJ_knock_twice_right_20260901_155852.csv,YJ,knock_twice_right,6046,100.0,1.0076666666666667,20,20,299,304,20,47,1,10.0,10.0
train,imu_YJ_knock_twice_right_20260901_160008.csv,YJ,knock_twice_right,6048,100.0,1.008,20,20,301,304,20,48,0,10.0,10.0
train,imu_YJ_shake_phone_20260901_160454.csv,YJ,shake_phone,6050,100.0,1.0083333333333333,20,0,299,304,20,51,1,10.0,10.0
train,imu_YYQ_knock_twice_left_20260904_095856.csv,YYQ,knock_twice_left,6056,100.0,1.0093333333333334,20,20,300,304,19,56,0,10.0,10.0
train,imu_YYQ_knock_twice_right_20260904_095740.csv,YYQ,knock_twice_right,6055,100.0,1.0091666666666665,20,20,300,304,19,55,0,10.0,10.0
train,imu_Ym_knock_twice_left_20260904_111043.csv,Ym,knock_twice_left,6059,100.0,1.0098333333333334,20,20,301,305,20,59,0,10.0,10.0
train,imu_Ym_knock_twice_right_20260904_110925.csv,Ym,knock_twice_right,6056,100.0,1.0093333333333334,20,20,301,304,20,56,0,10.0,10.0
train,imu_ZR_pick_place_20260909_091335.csv,ZR,pick_place,6062,100.0,1.0103333333333333,20,0,300,305,19,62,0,10.0,10.0
train,imu_ZR_shake_phone_20260908_175719.csv,ZR,shake_phone,6054,100.0,1.009,20,0,299,304,20,55,1,10.0,10.0
train,imu_ZR_shake_phone_20260909_091204.csv,ZR,shake_phone,6064,100.0,1.0106666666666666,20,0,302,305,20,64,0,10.0,10.0
train,imu_ZR_switch_hand_20260909_092838.csv,ZR,switch_hand,6061,100.0,1.0101666666666667,20,0,300,305,19,61,0,10.0,10.0
valid,imu_CC_adjust_grip_20260901_154104.csv,CC,adjust_grip,6051,100.0,1.0085,20,0,301,304,20,51,0,10.0,10.0
valid,imu_CC_knock_once_20260901_153844.csv,CC,knock_once,6054,100.0,1.009,20,0,301,304,20,54,0,10.0,10.0
valid,imu_CC_shake_phone_20260901_154507.csv,CC,shake_phone,6050,100.0,1.0083333333333333,20,0,299,304,20,51,1,10.0,10.0
valid,imu_TY_arbitrary_20260831_141803.csv,TY,arbitrary,6053,100.0,1.0088333333333332,20,0,300,304,19,53,0,10.0,10.0
valid,imu_YJ_pick_place_20260901_160605.csv,YJ,pick_place,6049,100.0,1.0081666666666667,20,0,300,304,19,49,0,10.0,10.0
valid,imu_YJ_switch_hand_20260901_161017.csv,YJ,switch_hand,6051,100.0,1.0085,20,0,299,304,20,52,1,10.0,10.0
valid,imu_ZR_knock_twice_right_20260831_105143.csv,ZR,knock_twice_right,6084,100.0,1.014,20,20,300,307,19,84,0,10.0,10.0
valid,imu_ZR_knock_twice_right_20260831_111010.csv,ZR,knock_twice_right,6047,100.0,1.0078333333333334,20,20,301,303,20,47,0,10.0,10.0
valid,imu_ZR_shake_phone_20260904_102826.csv,ZR,shake_phone,6053,100.0,1.0088333333333332,20,0,299,304,20,54,1,10.0,10.0
valid,imu_yzj_knock_twice_left_20260904_095015.csv,yzj,knock_twice_left,6054,100.0,1.009,20,20,299,304,20,55,1,10.0,10.0
valid,imu_yzj_knock_twice_right_20260904_095127.csv,yzj,knock_twice_right,6055,100.0,1.0091666666666665,20,20,300,304,19,55,0,10.0,10.0
