split,before,after,metric,delta,ci_low,ci_high
train,reset_both,continuous,window_acc,0.004285714285714337,0.0014285714285714457,0.0071428571428571175
train,reset_both,continuous,event_f1,0.002747196841741073,0.0009031514165718513,0.004655013522707446
train,reset_both,continuous,event_recall,0.0,0.0,0.0
train,reset_both,continuous,negative_fp_per_min,-0.22872536437221225,-0.3813009990086176,-0.07622142450885414
train,reset_both,carry_gru_only,window_acc,0.0028571428571428914,0.0,0.005714285714285783
train,reset_both,carry_gru_only,event_f1,0.001829516194606251,0.0,0.0037966777651026514
train,reset_both,carry_gru_only,event_recall,0.0,0.0,0.0
train,reset_both,carry_gru_only,negative_fp_per_min,-0.1524835762481418,-0.3050369221774547,0.0
train,carry_cnn_only,continuous,window_acc,0.0,0.0,0.0
train,carry_cnn_only,continuous,event_f1,0.0,0.0,0.0
train,carry_cnn_only,continuous,event_recall,0.0,0.0,0.0
train,carry_cnn_only,continuous,negative_fp_per_min,0.0,0.0,0.0
valid,reset_both,continuous,window_acc,0.0,0.0,0.0
valid,reset_both,continuous,event_f1,0.0,0.0,0.0
valid,reset_both,continuous,event_recall,0.0,0.0,0.0
valid,reset_both,continuous,negative_fp_per_min,0.0,0.0,0.0
valid,reset_both,carry_gru_only,window_acc,0.0,0.0,0.0
valid,reset_both,carry_gru_only,event_f1,0.0,0.0,0.0
valid,reset_both,carry_gru_only,event_recall,0.0,0.0,0.0
valid,reset_both,carry_gru_only,negative_fp_per_min,0.0,0.0,0.0
valid,carry_cnn_only,continuous,window_acc,0.0,0.0,0.0
valid,carry_cnn_only,continuous,event_f1,0.0,0.0,0.0
valid,carry_cnn_only,continuous,event_recall,0.0,0.0,0.0
valid,carry_cnn_only,continuous,negative_fp_per_min,0.0,0.0,0.0
