split,action,mode,recordings,minutes,windows,window_acc,frame_acc,loss,window_precision,window_recall,window_f1,window_tp,window_fp,window_fn,window_tn,event_fp_per_min,negative_fp_per_min,matched_peak_mae_ms,matched_peak_bias_ms,event_tp,event_fp,event_fn,event_precision,event_recall,event_f1,binary_event_tp,binary_event_fp,binary_event_fn,binary_event_precision,binary_event_recall,binary_event_f1
train,arbitrary,reset_both,2,2.0164999999999997,40.0,0.7,0.9938011405901315,0.042637392040342094,0.0,,0.0,0.0,12.0,0.0,28.0,6.446813786263329,6.446813786263329,,,0.0,13.0,0.0,0.0,,0.0,0.0,13.0,0.0,0.0,,0.0
train,arbitrary,carry_gru_only,2,2.0164999999999997,40.0,0.75,0.9951235639309034,0.037071760214166714,0.0,,0.0,0.0,10.0,0.0,30.0,5.454996280684354,5.454996280684354,,,0.0,11.0,0.0,0.0,,0.0,0.0,11.0,0.0,0.0,,0.0
train,arbitrary,carry_cnn_only,2,2.0164999999999997,40.0,0.825,0.9956194726836929,0.03756485728081316,0.0,,0.0,0.0,7.0,0.0,33.0,3.9672700223158945,3.9672700223158945,,,0.0,8.0,0.0,0.0,,0.0,0.0,8.0,0.0,0.0,,0.0
train,arbitrary,continuous,2,2.0164999999999997,40.0,0.825,0.9957021241424912,0.03454034886090085,0.0,,0.0,0.0,7.0,0.0,33.0,3.9672700223158945,3.9672700223158945,,,0.0,8.0,0.0,0.0,,0.0,0.0,8.0,0.0,0.0,,0.0
train,knock_twice_left,reset_both,11,11.095166666666668,220.0,0.9,0.9701071036938006,0.38537620509212667,1.0,0.9090909090909091,0.9523809523809523,200.0,0.0,20.0,0.0,0.5407760135794866,,36.95876288659794,-10.876288659793815,194.0,6.0,26.0,0.97,0.8818181818181818,0.9238095238095239,194.0,6.0,26.0,0.97,0.8818181818181818,0.9238095238095239
train,knock_twice_left,carry_gru_only,11,11.095166666666668,220.0,0.9,0.9701071036938006,0.38499564826488497,1.0,0.9090909090909091,0.9523809523809523,200.0,0.0,20.0,0.0,0.5407760135794866,,36.95876288659794,-10.876288659793815,194.0,6.0,26.0,0.97,0.8818181818181818,0.9238095238095239,194.0,6.0,26.0,0.97,0.8818181818181818,0.9238095238095239
train,knock_twice_left,carry_cnn_only,11,11.095166666666668,220.0,0.9,0.9701071036938006,0.3891611081632701,1.0,0.9090909090909091,0.9523809523809523,200.0,0.0,20.0,0.0,0.5407760135794866,,36.95876288659794,-10.876288659793815,194.0,6.0,26.0,0.97,0.8818181818181818,0.9238095238095239,194.0,6.0,26.0,0.97,0.8818181818181818,0.9238095238095239
train,knock_twice_left,continuous,11,11.095166666666668,220.0,0.9,0.9701071036938006,0.38521483716639604,1.0,0.9090909090909091,0.9523809523809523,200.0,0.0,20.0,0.0,0.5407760135794866,,36.95876288659794,-10.876288659793815,194.0,6.0,26.0,0.97,0.8818181818181818,0.9238095238095239,194.0,6.0,26.0,0.97,0.8818181818181818,0.9238095238095239
train,knock_twice_right,reset_both,11,11.093333333333335,220.0,0.9818181818181818,0.9557091346153846,0.3693859853527763,1.0,0.9863636363636363,0.9931350114416476,217.0,0.0,3.0,0.0,0.6310096153846153,,32.322274881516584,-10.80568720379147,211.0,7.0,9.0,0.9678899082568807,0.9590909090909091,0.9634703196347032,212.0,6.0,8.0,0.9724770642201835,0.9636363636363636,0.9680365296803652
train,knock_twice_right,carry_gru_only,11,11.093333333333335,220.0,0.9818181818181818,0.9557091346153846,0.3689361809329553,1.0,0.9863636363636363,0.9931350114416476,217.0,0.0,3.0,0.0,0.6310096153846153,,32.322274881516584,-10.80568720379147,211.0,7.0,9.0,0.9678899082568807,0.9590909090909091,0.9634703196347032,212.0,6.0,8.0,0.9724770642201835,0.9636363636363636,0.9680365296803652
train,knock_twice_right,carry_cnn_only,11,11.093333333333335,220.0,0.9818181818181818,0.9557091346153846,0.37309737584807656,1.0,0.9863636363636363,0.9931350114416476,217.0,0.0,3.0,0.0,0.6310096153846153,,32.322274881516584,-10.80568720379147,211.0,7.0,9.0,0.9678899082568807,0.9590909090909091,0.9634703196347032,212.0,6.0,8.0,0.9724770642201835,0.9636363636363636,0.9680365296803652
train,knock_twice_right,continuous,11,11.093333333333335,220.0,0.9818181818181818,0.9557091346153846,0.3691097308288921,1.0,0.9863636363636363,0.9931350114416476,217.0,0.0,3.0,0.0,0.6310096153846153,,32.322274881516584,-10.80568720379147,211.0,7.0,9.0,0.9678899082568807,0.9590909090909091,0.9634703196347032,212.0,6.0,8.0,0.9724770642201835,0.9636363636363636,0.9680365296803652
train,pick_place,reset_both,2,2.019,40.0,0.5,0.9791976225854383,0.08041545706801116,0.0,,0.0,0.0,20.0,0.0,20.0,10.896483407627537,10.896483407627537,,,0.0,22.0,0.0,0.0,,0.0,0.0,22.0,0.0,0.0,,0.0
train,pick_place,carry_gru_only,2,2.019,40.0,0.5,0.9791976225854383,0.07932522005867212,0.0,,0.0,0.0,20.0,0.0,20.0,10.896483407627537,10.896483407627537,,,0.0,22.0,0.0,0.0,,0.0,0.0,22.0,0.0,0.0,,0.0
train,pick_place,carry_cnn_only,2,2.019,40.0,0.5,0.9786197787683671,0.0864090986433439,0.0,,0.0,0.0,20.0,0.0,20.0,10.896483407627537,10.896483407627537,,,0.0,22.0,0.0,0.0,,0.0,0.0,22.0,0.0,0.0,,0.0
train,pick_place,continuous,2,2.019,40.0,0.5,0.9788674261185405,0.08047937387600541,0.0,,0.0,0.0,20.0,0.0,20.0,10.896483407627537,10.896483407627537,,,0.0,22.0,0.0,0.0,,0.0,0.0,22.0,0.0,0.0,,0.0
train,adjust_grip,reset_both,2,2.0175,40.0,0.875,0.9985956216439488,0.025205660151550548,0.0,,0.0,0.0,5.0,0.0,35.0,2.4783147459727384,2.4783147459727384,,,0.0,5.0,0.0,0.0,,0.0,0.0,5.0,0.0,0.0,,0.0
train,adjust_grip,carry_gru_only,2,2.0175,40.0,0.875,0.9985956216439488,0.0244896691350732,0.0,,0.0,0.0,5.0,0.0,35.0,2.4783147459727384,2.4783147459727384,,,0.0,5.0,0.0,0.0,,0.0,0.0,5.0,0.0,0.0,,0.0
train,adjust_grip,carry_cnn_only,2,2.0175,40.0,0.875,0.9982651796778191,0.032416022836696354,0.0,,0.0,0.0,5.0,0.0,35.0,2.4783147459727384,2.4783147459727384,,,0.0,5.0,0.0,0.0,,0.0,0.0,5.0,0.0,0.0,,0.0
train,adjust_grip,continuous,2,2.0175,40.0,0.875,0.998430400660884,0.02614113289746456,0.0,,0.0,0.0,5.0,0.0,35.0,2.4783147459727384,2.4783147459727384,,,0.0,5.0,0.0,0.0,,0.0,0.0,5.0,0.0,0.0,,0.0
train,knock_once,reset_both,3,3.0250000000000004,60.0,0.4166666666666667,0.987603305785124,0.06364976625579098,0.0,,0.0,0.0,35.0,0.0,25.0,11.570247933884296,11.570247933884296,,,0.0,35.0,0.0,0.0,,0.0,0.0,35.0,0.0,0.0,,0.0
train,knock_once,carry_gru_only,3,3.0250000000000004,60.0,0.4166666666666667,0.987603305785124,0.06297578214046856,0.0,,0.0,0.0,35.0,0.0,25.0,11.570247933884296,11.570247933884296,,,0.0,35.0,0.0,0.0,,0.0,0.0,35.0,0.0,0.0,,0.0
train,knock_once,carry_cnn_only,3,3.0250000000000004,60.0,0.4166666666666667,0.987603305785124,0.06930896611884237,0.0,,0.0,0.0,35.0,0.0,25.0,11.570247933884296,11.570247933884296,,,0.0,35.0,0.0,0.0,,0.0,0.0,35.0,0.0,0.0,,0.0
train,knock_once,continuous,3,3.0250000000000004,60.0,0.4166666666666667,0.987603305785124,0.06322429462646445,0.0,,0.0,0.0,35.0,0.0,25.0,11.570247933884296,11.570247933884296,,,0.0,35.0,0.0,0.0,,0.0,0.0,35.0,0.0,0.0,,0.0
train,shake_phone,reset_both,3,3.0279999999999996,60.0,0.95,0.9997247908410392,0.010064981144387275,0.0,,0.0,0.0,3.0,0.0,57.0,0.9907529722589169,0.9907529722589169,,,0.0,3.0,0.0,0.0,,0.0,0.0,3.0,0.0,0.0,,0.0
train,shake_phone,carry_gru_only,3,3.0279999999999996,60.0,0.95,0.9997247908410392,0.00934871748710672,0.0,,0.0,0.0,3.0,0.0,57.0,0.9907529722589169,0.9907529722589169,,,0.0,3.0,0.0,0.0,,0.0,0.0,3.0,0.0,0.0,,0.0
train,shake_phone,carry_cnn_only,3,3.0279999999999996,60.0,0.9333333333333333,0.9995596653456627,0.015544246963690967,0.0,,0.0,0.0,4.0,0.0,56.0,1.3210039630118893,1.3210039630118893,,,0.0,4.0,0.0,0.0,,0.0,0.0,4.0,0.0,0.0,,0.0
train,shake_phone,continuous,3,3.0279999999999996,60.0,0.9333333333333333,0.9996147071774548,0.009945133534104873,0.0,,0.0,0.0,4.0,0.0,56.0,1.3210039630118893,1.3210039630118893,,,0.0,4.0,0.0,0.0,,0.0,0.0,4.0,0.0,0.0,,0.0
train,switch_hand,reset_both,1,1.0101666666666667,20.0,0.75,0.998020128691635,0.02270475428085774,0.0,,0.0,0.0,5.0,0.0,15.0,5.939613925094869,5.939613925094869,,,0.0,6.0,0.0,0.0,,0.0,0.0,6.0,0.0,0.0,,0.0
train,switch_hand,carry_gru_only,1,1.0101666666666667,20.0,0.75,0.998020128691635,0.0220155720715411,0.0,,0.0,0.0,5.0,0.0,15.0,5.939613925094869,5.939613925094869,,,0.0,6.0,0.0,0.0,,0.0,0.0,6.0,0.0,0.0,,0.0
train,switch_hand,carry_cnn_only,1,1.0101666666666667,20.0,0.7,0.9975251608645438,0.03187255128286779,0.0,,0.0,0.0,6.0,0.0,14.0,6.929549579277347,6.929549579277347,,,0.0,7.0,0.0,0.0,,0.0,0.0,7.0,0.0,0.0,,0.0
train,switch_hand,continuous,1,1.0101666666666667,20.0,0.7,0.9975251608645438,0.025443009531591086,0.0,,0.0,0.0,6.0,0.0,14.0,6.929549579277347,6.929549579277347,,,0.0,7.0,0.0,0.0,,0.0,0.0,7.0,0.0,0.0,,0.0
valid,adjust_grip,reset_both,1,1.0085,20.0,0.8,0.997190547017022,0.022423781757242977,0.0,,0.0,0.0,4.0,0.0,16.0,3.966286564204264,3.966286564204264,,,0.0,4.0,0.0,0.0,,0.0,0.0,4.0,0.0,0.0,,0.0
valid,adjust_grip,carry_gru_only,1,1.0085,20.0,0.8,0.997190547017022,0.02173849466489628,0.0,,0.0,0.0,4.0,0.0,16.0,3.966286564204264,3.966286564204264,,,0.0,4.0,0.0,0.0,,0.0,0.0,4.0,0.0,0.0,,0.0
valid,adjust_grip,carry_cnn_only,1,1.0085,20.0,0.8,0.997190547017022,0.027479492034763096,0.0,,0.0,0.0,4.0,0.0,16.0,3.966286564204264,3.966286564204264,,,0.0,4.0,0.0,0.0,,0.0,0.0,4.0,0.0,0.0,,0.0
valid,adjust_grip,continuous,1,1.0085,20.0,0.8,0.997190547017022,0.021954601001925766,0.0,,0.0,0.0,4.0,0.0,16.0,3.966286564204264,3.966286564204264,,,0.0,4.0,0.0,0.0,,0.0,0.0,4.0,0.0,0.0,,0.0
valid,knock_once,reset_both,1,1.009,20.0,0.7,0.9940535183349851,0.036148987850174306,0.0,,0.0,0.0,6.0,0.0,14.0,5.946481665014867,5.946481665014867,,,0.0,6.0,0.0,0.0,,0.0,0.0,6.0,0.0,0.0,,0.0
valid,knock_once,carry_gru_only,1,1.009,20.0,0.7,0.9940535183349851,0.035475836135447025,0.0,,0.0,0.0,6.0,0.0,14.0,5.946481665014867,5.946481665014867,,,0.0,6.0,0.0,0.0,,0.0,0.0,6.0,0.0,0.0,,0.0
valid,knock_once,carry_cnn_only,1,1.009,20.0,0.7,0.9940535183349851,0.04165010554715991,0.0,,0.0,0.0,6.0,0.0,14.0,5.946481665014867,5.946481665014867,,,0.0,6.0,0.0,0.0,,0.0,0.0,6.0,0.0,0.0,,0.0
valid,knock_once,continuous,1,1.009,20.0,0.7,0.9940535183349851,0.0356884356122464,0.0,,0.0,0.0,6.0,0.0,14.0,5.946481665014867,5.946481665014867,,,0.0,6.0,0.0,0.0,,0.0,0.0,6.0,0.0,0.0,,0.0
valid,shake_phone,reset_both,2,2.0171666666666663,40.0,0.975,0.9970255308601174,0.01315456858719699,0.0,,0.0,0.0,1.0,0.0,39.0,0.9914897132942248,0.9914897132942248,,,0.0,2.0,0.0,0.0,,0.0,0.0,2.0,0.0,0.0,,0.0
valid,shake_phone,carry_gru_only,2,2.0171666666666663,40.0,0.975,0.9970255308601174,0.012387068069074303,0.0,,0.0,0.0,1.0,0.0,39.0,0.9914897132942248,0.9914897132942248,,,0.0,2.0,0.0,0.0,,0.0,0.0,2.0,0.0,0.0,,0.0
valid,shake_phone,carry_cnn_only,2,2.0171666666666663,40.0,0.975,0.9970255308601174,0.017096099961781873,0.0,,0.0,0.0,1.0,0.0,39.0,0.9914897132942248,0.9914897132942248,,,0.0,2.0,0.0,0.0,,0.0,0.0,2.0,0.0,0.0,,0.0
valid,shake_phone,continuous,2,2.0171666666666663,40.0,0.975,0.9970255308601174,0.012717484156019055,0.0,,0.0,0.0,1.0,0.0,39.0,0.9914897132942248,0.9914897132942248,,,0.0,2.0,0.0,0.0,,0.0,0.0,2.0,0.0,0.0,,0.0
valid,arbitrary,reset_both,1,1.0088333333333332,20.0,0.85,0.9985131339831489,0.015203843225026503,0.0,,0.0,0.0,3.0,0.0,17.0,2.9737320337022966,2.9737320337022966,,,0.0,3.0,0.0,0.0,,0.0,0.0,3.0,0.0,0.0,,0.0
valid,arbitrary,carry_gru_only,1,1.0088333333333332,20.0,0.85,0.9985131339831489,0.014319629326928407,0.0,,0.0,0.0,3.0,0.0,17.0,2.9737320337022966,2.9737320337022966,,,0.0,3.0,0.0,0.0,,0.0,0.0,3.0,0.0,0.0,,0.0
valid,arbitrary,carry_cnn_only,1,1.0088333333333332,20.0,0.85,0.9985131339831489,0.01719022112665698,0.0,,0.0,0.0,3.0,0.0,17.0,2.9737320337022966,2.9737320337022966,,,0.0,3.0,0.0,0.0,,0.0,0.0,3.0,0.0,0.0,,0.0
valid,arbitrary,continuous,1,1.0088333333333332,20.0,0.85,0.9985131339831489,0.014322263357462362,0.0,,0.0,0.0,3.0,0.0,17.0,2.9737320337022966,2.9737320337022966,,,0.0,3.0,0.0,0.0,,0.0,0.0,3.0,0.0,0.0,,0.0
valid,pick_place,reset_both,1,1.0081666666666667,20.0,0.5,0.9874359398247644,0.04895526273176074,0.0,,0.0,0.0,10.0,0.0,10.0,9.918994875185982,9.918994875185982,,,0.0,10.0,0.0,0.0,,0.0,0.0,10.0,0.0,0.0,,0.0
valid,pick_place,carry_gru_only,1,1.0081666666666667,20.0,0.5,0.9874359398247644,0.04825789955211803,0.0,,0.0,0.0,10.0,0.0,10.0,9.918994875185982,9.918994875185982,,,0.0,10.0,0.0,0.0,,0.0,0.0,10.0,0.0,0.0,,0.0
valid,pick_place,carry_cnn_only,1,1.0081666666666667,20.0,0.5,0.9874359398247644,0.05347922225482762,0.0,,0.0,0.0,10.0,0.0,10.0,9.918994875185982,9.918994875185982,,,0.0,10.0,0.0,0.0,,0.0,0.0,10.0,0.0,0.0,,0.0
valid,pick_place,continuous,1,1.0081666666666667,20.0,0.5,0.9874359398247644,0.04844906956423074,0.0,,0.0,0.0,10.0,0.0,10.0,9.918994875185982,9.918994875185982,,,0.0,10.0,0.0,0.0,,0.0,0.0,10.0,0.0,0.0,,0.0
valid,switch_hand,reset_both,1,1.0085,20.0,0.85,0.9963642373161461,0.027358107501640916,0.0,,0.0,0.0,3.0,0.0,17.0,2.974714923153198,2.974714923153198,,,0.0,3.0,0.0,0.0,,0.0,0.0,3.0,0.0,0.0,,0.0
valid,switch_hand,carry_gru_only,1,1.0085,20.0,0.85,0.9963642373161461,0.026683309022337197,0.0,,0.0,0.0,3.0,0.0,17.0,2.974714923153198,2.974714923153198,,,0.0,3.0,0.0,0.0,,0.0,0.0,3.0,0.0,0.0,,0.0
valid,switch_hand,carry_cnn_only,1,1.0085,20.0,0.85,0.9963642373161461,0.03211721368134022,0.0,,0.0,0.0,3.0,0.0,17.0,2.974714923153198,2.974714923153198,,,0.0,3.0,0.0,0.0,,0.0,0.0,3.0,0.0,0.0,,0.0
valid,switch_hand,continuous,1,1.0085,20.0,0.85,0.9963642373161461,0.02685939350631088,0.0,,0.0,0.0,3.0,0.0,17.0,2.974714923153198,2.974714923153198,,,0.0,3.0,0.0,0.0,,0.0,0.0,3.0,0.0,0.0,,0.0
valid,knock_twice_right,reset_both,3,3.0309999999999997,60.0,1.0,0.9607940173760036,0.3555605947971344,1.0,1.0,1.0,60.0,0.0,0.0,0.0,5.278785879247773,,26.136363636363637,-2.9545454545454546,44.0,16.0,16.0,0.7333333333333333,0.7333333333333333,0.7333333333333333,44.0,16.0,16.0,0.7333333333333333,0.7333333333333333,0.7333333333333333
valid,knock_twice_right,carry_gru_only,3,3.0309999999999997,60.0,1.0,0.9607940173760036,0.35511146088441214,1.0,1.0,1.0,60.0,0.0,0.0,0.0,5.278785879247773,,26.136363636363637,-2.9545454545454546,44.0,16.0,16.0,0.7333333333333333,0.7333333333333333,0.7333333333333333,44.0,16.0,16.0,0.7333333333333333,0.7333333333333333,0.7333333333333333
valid,knock_twice_right,carry_cnn_only,3,3.0309999999999997,60.0,1.0,0.9607940173760036,0.35939190685749056,1.0,1.0,1.0,60.0,0.0,0.0,0.0,5.278785879247773,,26.136363636363637,-2.9545454545454546,44.0,16.0,16.0,0.7333333333333333,0.7333333333333333,0.7333333333333333,44.0,16.0,16.0,0.7333333333333333,0.7333333333333333,0.7333333333333333
valid,knock_twice_right,continuous,3,3.0309999999999997,60.0,1.0,0.9607940173760036,0.35525881151358285,1.0,1.0,1.0,60.0,0.0,0.0,0.0,5.278785879247773,,26.136363636363637,-2.9545454545454546,44.0,16.0,16.0,0.7333333333333333,0.7333333333333333,0.7333333333333333,44.0,16.0,16.0,0.7333333333333333,0.7333333333333333,0.7333333333333333
valid,knock_twice_left,reset_both,1,1.009,20.0,1.0,0.9507763462173769,0.35027163922786714,1.0,1.0,1.0,20.0,0.0,0.0,0.0,5.946481665014867,,52.666666666666664,-52.666666666666664,15.0,6.0,5.0,0.7142857142857143,0.75,0.7317073170731707,15.0,6.0,5.0,0.7142857142857143,0.75,0.7317073170731707
valid,knock_twice_left,carry_gru_only,1,1.009,20.0,1.0,0.9507763462173769,0.3498209282755852,1.0,1.0,1.0,20.0,0.0,0.0,0.0,5.946481665014867,,52.666666666666664,-52.666666666666664,15.0,6.0,5.0,0.7142857142857143,0.75,0.7317073170731707,15.0,6.0,5.0,0.7142857142857143,0.75,0.7317073170731707
valid,knock_twice_left,carry_cnn_only,1,1.009,20.0,1.0,0.9506111661711265,0.35441491901874544,1.0,1.0,1.0,20.0,0.0,0.0,0.0,5.946481665014867,,52.666666666666664,-52.666666666666664,15.0,6.0,5.0,0.7142857142857143,0.75,0.7317073170731707,15.0,6.0,5.0,0.7142857142857143,0.75,0.7317073170731707
valid,knock_twice_left,continuous,1,1.009,20.0,1.0,0.9506111661711265,0.350533489882946,1.0,1.0,1.0,20.0,0.0,0.0,0.0,5.946481665014867,,52.666666666666664,-52.666666666666664,15.0,6.0,5.0,0.7142857142857143,0.75,0.7317073170731707,15.0,6.0,5.0,0.7142857142857143,0.75,0.7317073170731707
