split,file,action,user,mode,minutes,frames,frame_correct,windows,window_correct,loss_sum,event_tp,event_fp,event_fn,binary_event_tp,binary_event_fp,binary_event_fn,timing_abs_ms_sum,timing_signed_ms_sum,negative_fp,negative_minutes,cm_00,cm_01,cm_02,cm_10,cm_11,cm_12,cm_20,cm_21,cm_22
train,imu_CC_arbitrary_20260901_154914.csv,arbitrary,CC,reset_both,1.008,6048,6022,20,15,0.6327748345211148,0,5,0,0,5,0,0.0,0.0,5,1.008,15,3,2,0,0,0,0,0,0
train,imu_CC_arbitrary_20260901_154914.csv,arbitrary,CC,carry_gru_only,1.008,6048,6037,20,17,0.4548603652510792,0,3,0,0,3,0,0.0,0.0,3,1.008,17,2,1,0,0,0,0,0,0
train,imu_CC_arbitrary_20260901_154914.csv,arbitrary,CC,carry_cnn_only,1.008,6048,6038,20,18,0.4280711698811501,0,2,0,0,2,0,0.0,0.0,2,1.008,18,1,1,0,0,0,0,0,0
train,imu_CC_arbitrary_20260901_154914.csv,arbitrary,CC,continuous,1.008,6048,6039,20,18,0.3828417856711894,0,2,0,0,2,0,0.0,0.0,2,1.008,18,1,1,0,0,0,0,0,0
train,imu_CC_knock_twice_left_20260901_153013.csv,knock_twice_left,CC,reset_both,1.0088333333333332,6053,5832,20,19,7.522532939910889,19,0,1,19,0,1,840.0,-380.0,0,0.0,0,0,0,1,19,0,0,0,0
train,imu_CC_knock_twice_left_20260901_153013.csv,knock_twice_left,CC,carry_gru_only,1.0088333333333332,6053,5832,20,19,7.513547599315643,19,0,1,19,0,1,840.0,-380.0,0,0.0,0,0,0,1,19,0,0,0,0
train,imu_CC_knock_twice_left_20260901_153013.csv,knock_twice_left,CC,carry_cnn_only,1.0088333333333332,6053,5832,20,19,7.5945296585559845,19,0,1,19,0,1,840.0,-380.0,0,0.0,0,0,0,1,19,0,0,0,0
train,imu_CC_knock_twice_left_20260901_153013.csv,knock_twice_left,CC,continuous,1.0088333333333332,6053,5832,20,19,7.516288876533508,19,0,1,19,0,1,840.0,-380.0,0,0.0,0,0,0,1,19,0,0,0,0
train,imu_CC_knock_twice_left_20260901_153310.csv,knock_twice_left,CC,reset_both,1.0085,6051,5861,20,18,7.777922570705414,18,0,2,18,0,2,900.0,-400.0,0,0.0,0,0,0,2,18,0,0,0,0
train,imu_CC_knock_twice_left_20260901_153310.csv,knock_twice_left,CC,carry_gru_only,1.0085,6051,5861,20,18,7.768887013196945,18,0,2,18,0,2,900.0,-400.0,0,0.0,0,0,0,2,18,0,0,0,0
train,imu_CC_knock_twice_left_20260901_153310.csv,knock_twice_left,CC,carry_cnn_only,1.0085,6051,5861,20,18,7.848523765802383,18,0,2,18,0,2,900.0,-400.0,0,0.0,0,0,0,2,18,0,0,0,0
train,imu_CC_knock_twice_left_20260901_153310.csv,knock_twice_left,CC,continuous,1.0085,6051,5861,20,18,7.771480172872543,18,0,2,18,0,2,900.0,-400.0,0,0.0,0,0,0,2,18,0,0,0,0
train,imu_CC_knock_twice_right_20260901_153123.csv,knock_twice_right,CC,reset_both,1.0085,6051,5808,20,20,6.0862517058849335,20,1,0,20,1,0,160.0,80.0,0,0.0,0,0,0,0,0,0,0,0,20
train,imu_CC_knock_twice_right_20260901_153123.csv,knock_twice_right,CC,carry_gru_only,1.0085,6051,5808,20,20,6.077369898557663,20,1,0,20,1,0,160.0,80.0,0,0.0,0,0,0,0,0,0,0,0,20
train,imu_CC_knock_twice_right_20260901_153123.csv,knock_twice_right,CC,carry_cnn_only,1.0085,6051,5808,20,20,6.1624113619327545,20,1,0,20,1,0,160.0,80.0,0,0.0,0,0,0,0,0,0,0,0,20
train,imu_CC_knock_twice_right_20260901_153123.csv,knock_twice_right,CC,continuous,1.0085,6051,5808,20,20,6.08524614572525,20,1,0,20,1,0,160.0,80.0,0,0.0,0,0,0,0,0,0,0,0,20
train,imu_CC_knock_twice_right_20260901_153642.csv,knock_twice_right,CC,reset_both,1.0086666666666668,6052,5780,20,20,7.0393341183662415,20,0,0,20,0,0,580.0,200.0,0,0.0,0,0,0,0,0,0,0,0,20
train,imu_CC_knock_twice_right_20260901_153642.csv,knock_twice_right,CC,carry_gru_only,1.0086666666666668,6052,5780,20,20,7.030351907014847,20,0,0,20,0,0,580.0,200.0,0,0.0,0,0,0,0,0,0,0,0,20
train,imu_CC_knock_twice_right_20260901_153642.csv,knock_twice_right,CC,carry_cnn_only,1.0086666666666668,6052,5780,20,20,7.113485217094421,20,0,0,20,0,0,580.0,200.0,0,0.0,0,0,0,0,0,0,0,0,20
train,imu_CC_knock_twice_right_20260901_153642.csv,knock_twice_right,CC,continuous,1.0086666666666668,6052,5780,20,20,7.033100724220276,20,0,0,20,0,0,580.0,200.0,0,0.0,0,0,0,0,0,0,0,0,20
train,imu_CC_pick_place_20260901_154749.csv,pick_place,CC,reset_both,1.0086666666666668,6052,6005,20,12,1.2289835419505835,0,8,0,0,8,0,0.0,0.0,8,1.0086666666666668,12,7,1,0,0,0,0,0,0
train,imu_CC_pick_place_20260901_154749.csv,pick_place,CC,carry_gru_only,1.0086666666666668,6052,6005,20,12,1.1995041817426682,0,8,0,0,8,0,0.0,0.0,8,1.0086666666666668,12,7,1,0,0,0,0,0,0
train,imu_CC_pick_place_20260901_154749.csv,pick_place,CC,carry_cnn_only,1.0086666666666668,6052,5998,20,12,1.3725471049547195,0,8,0,0,8,0,0.0,0.0,8,1.0086666666666668,12,7,1,0,0,0,0,0,0
train,imu_CC_pick_place_20260901_154749.csv,pick_place,CC,continuous,1.0086666666666668,6052,6001,20,12,1.2313751745969057,0,8,0,0,8,0,0.0,0.0,8,1.0086666666666668,12,7,1,0,0,0,0,0,0
train,imu_CCx_adjust_grip_20260901_154257.csv,adjust_grip,CCx,reset_both,1.0088333333333332,6053,6048,20,19,0.160897962981835,0,1,0,0,1,0,0.0,0.0,1,1.0088333333333332,19,1,0,0,0,0,0,0,0
train,imu_CCx_adjust_grip_20260901_154257.csv,adjust_grip,CCx,carry_gru_only,1.0088333333333332,6053,6048,20,19,0.14722183370031416,0,1,0,0,1,0,0.0,0.0,1,1.0088333333333332,19,1,0,0,0,0,0,0,0
train,imu_CCx_adjust_grip_20260901_154257.csv,adjust_grip,CCx,carry_cnn_only,1.0088333333333332,6053,6048,20,19,0.2625965313054621,0,1,0,0,1,0,0.0,0.0,1,1.0088333333333332,19,1,0,0,0,0,0,0,0
train,imu_CCx_adjust_grip_20260901_154257.csv,adjust_grip,CCx,continuous,1.0088333333333332,6053,6048,20,19,0.15115543524734676,0,1,0,0,1,0,0.0,0.0,1,1.0088333333333332,19,1,0,0,0,0,0,0,0
train,imu_JYH_knock_twice_left_20260916_142814.csv,knock_twice_left,JYH,reset_both,1.0088333333333332,6053,5872,20,17,10.257749170064926,18,1,2,18,1,2,570.0,-30.0,0,0.0,0,0,0,1,17,2,0,0,0
train,imu_JYH_knock_twice_left_20260916_142814.csv,knock_twice_left,JYH,carry_gru_only,1.0088333333333332,6053,5872,20,17,10.264382153749466,18,1,2,18,1,2,570.0,-30.0,0,0.0,0,0,0,1,17,2,0,0,0
train,imu_JYH_knock_twice_left_20260916_142814.csv,knock_twice_left,JYH,carry_cnn_only,1.0088333333333332,6053,5872,20,17,10.322680801153183,18,1,2,18,1,2,570.0,-30.0,0,0.0,0,0,0,1,17,2,0,0,0
train,imu_JYH_knock_twice_left_20260916_142814.csv,knock_twice_left,JYH,continuous,1.0088333333333332,6053,5872,20,17,10.262476623058319,18,1,2,18,1,2,570.0,-30.0,0,0.0,0,0,0,1,17,2,0,0,0
train,imu_JYH_knock_twice_right_20260916_142927.csv,knock_twice_right,JYH,reset_both,1.0085,6051,5749,20,20,8.01159331202507,20,0,0,20,0,0,990.0,190.0,0,0.0,0,0,0,0,0,0,0,0,20
train,imu_JYH_knock_twice_right_20260916_142927.csv,knock_twice_right,JYH,carry_gru_only,1.0085,6051,5749,20,20,8.00254574418068,20,0,0,20,0,0,990.0,190.0,0,0.0,0,0,0,0,0,0,0,0,20
train,imu_JYH_knock_twice_right_20260916_142927.csv,knock_twice_right,JYH,carry_cnn_only,1.0085,6051,5749,20,20,8.086188703775406,20,0,0,20,0,0,990.0,190.0,0,0.0,0,0,0,0,0,0,0,0,20
train,imu_JYH_knock_twice_right_20260916_142927.csv,knock_twice_right,JYH,continuous,1.0085,6051,5749,20,20,8.00537371635437,20,0,0,20,0,0,990.0,190.0,0,0.0,0,0,0,0,0,0,0,0,20
train,imu_TY_knock_once_20260831_141648.csv,knock_once,TY,reset_both,1.0083333333333333,6050,5915,20,3,1.6318261595442891,0,17,0,0,17,0,0.0,0.0,17,1.0083333333333333,3,17,0,0,0,0,0,0,0
train,imu_TY_knock_once_20260831_141648.csv,knock_once,TY,carry_gru_only,1.0083333333333333,6050,5915,20,3,1.6183578809723258,0,17,0,0,17,0,0.0,0.0,17,1.0083333333333333,3,17,0,0,0,0,0,0,0
train,imu_TY_knock_once_20260831_141648.csv,knock_once,TY,carry_cnn_only,1.0083333333333333,6050,5915,20,3,1.7427966706454754,0,17,0,0,17,0,0.0,0.0,17,1.0083333333333333,3,17,0,0,0,0,0,0,0
train,imu_TY_knock_once_20260831_141648.csv,knock_once,TY,continuous,1.0083333333333333,6050,5915,20,3,1.6229303143918514,0,17,0,0,17,0,0.0,0.0,17,1.0083333333333333,3,17,0,0,0,0,0,0,0
train,imu_TY_knock_twice_left_20260831_141050.csv,knock_twice_left,TY,reset_both,1.0083333333333333,6050,5881,20,20,6.60639214515686,20,0,0,20,0,0,690.0,-450.0,0,0.0,0,0,0,0,20,0,0,0,0
train,imu_TY_knock_twice_left_20260831_141050.csv,knock_twice_left,TY,carry_gru_only,1.0083333333333333,6050,5881,20,20,6.597424238920212,20,0,0,20,0,0,690.0,-450.0,0,0.0,0,0,0,0,20,0,0,0,0
train,imu_TY_knock_twice_left_20260831_141050.csv,knock_twice_left,TY,carry_cnn_only,1.0083333333333333,6050,5881,20,20,6.678342789411545,20,0,0,20,0,0,690.0,-450.0,0,0.0,0,0,0,0,20,0,0,0,0
train,imu_TY_knock_twice_left_20260831_141050.csv,knock_twice_left,TY,continuous,1.0083333333333333,6050,5881,20,20,6.600125998258591,20,0,0,20,0,0,690.0,-450.0,0,0.0,0,0,0,0,20,0,0,0,0
train,imu_TY_knock_twice_left_20260831_141253.csv,knock_twice_left,TY,reset_both,1.0088333333333332,6053,5910,20,20,7.013816177845001,19,1,1,19,1,1,620.0,-260.0,0,0.0,0,0,0,0,20,0,0,0,0
train,imu_TY_knock_twice_left_20260831_141253.csv,knock_twice_left,TY,carry_gru_only,1.0088333333333332,6053,5910,20,20,7.004728555679321,19,1,1,19,1,1,620.0,-260.0,0,0.0,0,0,0,0,20,0,0,0,0
train,imu_TY_knock_twice_left_20260831_141253.csv,knock_twice_left,TY,carry_cnn_only,1.0088333333333332,6053,5910,20,20,7.088937610387802,19,1,1,19,1,1,620.0,-260.0,0,0.0,0,0,0,0,20,0,0,0,0
train,imu_TY_knock_twice_left_20260831_141253.csv,knock_twice_left,TY,continuous,1.0088333333333332,6053,5910,20,20,7.008455127477646,19,1,1,19,1,1,620.0,-260.0,0,0.0,0,0,0,0,20,0,0,0,0
train,imu_TY_knock_twice_right_20260831_141408.csv,knock_twice_right,TY,reset_both,1.0081666666666667,6049,5831,20,20,6.396036595106125,20,0,0,20,0,0,520.0,-500.0,0,0.0,0,0,0,0,0,0,0,0,20
train,imu_TY_knock_twice_right_20260831_141408.csv,knock_twice_right,TY,carry_gru_only,1.0081666666666667,6049,5831,20,20,6.3869898319244385,20,0,0,20,0,0,520.0,-500.0,0,0.0,0,0,0,0,0,0,0,0,20
train,imu_TY_knock_twice_right_20260831_141408.csv,knock_twice_right,TY,carry_cnn_only,1.0081666666666667,6049,5831,20,20,6.470088541507721,20,0,0,20,0,0,520.0,-500.0,0,0.0,0,0,0,0,0,0,0,0,20
train,imu_TY_knock_twice_right_20260831_141408.csv,knock_twice_right,TY,continuous,1.0081666666666667,6049,5831,20,20,6.389969170093536,20,0,0,20,0,0,520.0,-500.0,0,0.0,0,0,0,0,0,0,0,0,20
train,imu_TY_knock_twice_right_20260831_141522.csv,knock_twice_right,TY,reset_both,1.0086666666666668,6052,5758,20,20,8.003616392612457,20,0,0,20,0,0,990.0,-450.0,0,0.0,0,0,0,0,0,0,0,0,20
train,imu_TY_knock_twice_right_20260831_141522.csv,knock_twice_right,TY,carry_gru_only,1.0086666666666668,6052,5758,20,20,7.994624227285385,20,0,0,20,0,0,990.0,-450.0,0,0.0,0,0,0,0,0,0,0,0,20
train,imu_TY_knock_twice_right_20260831_141522.csv,knock_twice_right,TY,carry_cnn_only,1.0086666666666668,6052,5758,20,20,8.077201128005981,20,0,0,20,0,0,990.0,-450.0,0,0.0,0,0,0,0,0,0,0,0,20
train,imu_TY_knock_twice_right_20260831_141522.csv,knock_twice_right,TY,continuous,1.0086666666666668,6052,5758,20,20,7.998676359653473,20,0,0,20,0,0,990.0,-450.0,0,0.0,0,0,0,0,0,0,0,0,20
train,imu_YJ_adjust_grip_20260901_160339.csv,adjust_grip,YJ,reset_both,1.0086666666666668,6052,6040,20,16,0.8473284430801868,0,4,0,0,4,0,0.0,0.0,4,1.0086666666666668,16,4,0,0,0,0,0,0,0
train,imu_YJ_adjust_grip_20260901_160339.csv,adjust_grip,YJ,carry_gru_only,1.0086666666666668,6052,6040,20,16,0.8323649317026138,0,4,0,0,4,0,0.0,0.0,4,1.0086666666666668,16,4,0,0,0,0,0,0,0
train,imu_YJ_adjust_grip_20260901_160339.csv,adjust_grip,YJ,carry_cnn_only,1.0086666666666668,6052,6036,20,16,1.0340443821623921,0,4,0,0,4,0,0.0,0.0,4,1.0086666666666668,16,4,0,0,0,0,0,0,0
train,imu_YJ_adjust_grip_20260901_160339.csv,adjust_grip,YJ,continuous,1.0086666666666668,6052,6038,20,16,0.8944898806512356,0,4,0,0,4,0,0.0,0.0,4,1.0086666666666668,16,4,0,0,0,0,0,0,0
train,imu_YJ_arbitrary_20260831_140339.csv,arbitrary,YJ,reset_both,1.0085,6051,6002,20,13,1.0727208470925689,0,8,0,0,8,0,0.0,0.0,8,1.0085,13,5,2,0,0,0,0,0,0
train,imu_YJ_arbitrary_20260831_140339.csv,arbitrary,YJ,carry_gru_only,1.0085,6051,6003,20,13,1.0280100433155894,0,8,0,0,8,0,0.0,0.0,8,1.0085,13,5,2,0,0,0,0,0,0
train,imu_YJ_arbitrary_20260831_140339.csv,arbitrary,YJ,carry_cnn_only,1.0085,6051,6008,20,15,1.0745231213513762,0,6,0,0,6,0,0.0,0.0,6,1.0085,15,4,1,0,0,0,0,0,0
train,imu_YJ_arbitrary_20260831_140339.csv,arbitrary,YJ,continuous,1.0085,6051,6008,20,15,0.9987721687648445,0,6,0,0,6,0,0.0,0.0,6,1.0085,15,4,1,0,0,0,0,0,0
train,imu_YJ_knock_once_20260831_140459.csv,knock_once,YJ,reset_both,1.0085,6051,5983,20,9,1.24721541069448,0,11,0,0,11,0,0.0,0.0,11,1.0085,9,0,11,0,0,0,0,0,0
train,imu_YJ_knock_once_20260831_140459.csv,knock_once,YJ,carry_gru_only,1.0085,6051,5983,20,9,1.2337508779019117,0,11,0,0,11,0,0.0,0.0,11,1.0085,9,0,11,0,0,0,0,0,0
train,imu_YJ_knock_once_20260831_140459.csv,knock_once,YJ,carry_cnn_only,1.0085,6051,5983,20,9,1.3603991847485304,0,11,0,0,11,0,0.0,0.0,11,1.0085,9,0,11,0,0,0,0,0,0
train,imu_YJ_knock_once_20260831_140459.csv,knock_once,YJ,continuous,1.0085,6051,5983,20,9,1.2393620926886797,0,11,0,0,11,0,0.0,0.0,11,1.0085,9,0,11,0,0,0,0,0,0
train,imu_YJ_knock_once_20260901_160144.csv,knock_once,YJ,reset_both,1.0081666666666667,6049,6027,20,13,0.9399444051086903,0,7,0,0,7,0,0.0,0.0,7,1.0081666666666667,13,4,3,0,0,0,0,0,0
train,imu_YJ_knock_once_20260901_160144.csv,knock_once,YJ,carry_gru_only,1.0081666666666667,6049,6027,20,13,0.9264381695538759,0,7,0,0,7,0,0.0,0.0,7,1.0081666666666667,13,4,3,0,0,0,0,0,0
train,imu_YJ_knock_once_20260901_160144.csv,knock_once,YJ,carry_cnn_only,1.0081666666666667,6049,6027,20,13,1.055342111736536,0,7,0,0,7,0,0.0,0.0,7,1.0081666666666667,13,4,3,0,0,0,0,0,0
train,imu_YJ_knock_once_20260901_160144.csv,knock_once,YJ,continuous,1.0081666666666667,6049,6027,20,13,0.9311652705073357,0,7,0,0,7,0,0.0,0.0,7,1.0081666666666667,13,4,3,0,0,0,0,0,0
train,imu_YJ_knock_twice_left_20260831_111248.csv,knock_twice_left,YJ,reset_both,1.0085,6051,5891,20,19,7.764663457870483,19,0,1,19,0,1,690.0,210.0,0,0.0,0,0,0,1,19,0,0,0,0
train,imu_YJ_knock_twice_left_20260831_111248.csv,knock_twice_left,YJ,carry_gru_only,1.0085,6051,5891,20,19,7.755515366792679,19,0,1,19,0,1,690.0,210.0,0,0.0,0,0,0,1,19,0,0,0,0
train,imu_YJ_knock_twice_left_20260831_111248.csv,knock_twice_left,YJ,carry_cnn_only,1.0085,6051,5891,20,19,7.8734245002269745,19,0,1,19,0,1,690.0,210.0,0,0.0,0,0,0,1,19,0,0,0,0
train,imu_YJ_knock_twice_left_20260831_111248.csv,knock_twice_left,YJ,continuous,1.0085,6051,5891,20,19,7.779926270246506,19,0,1,19,0,1,690.0,210.0,0,0.0,0,0,0,1,19,0,0,0,0
train,imu_YJ_knock_twice_left_20260831_133418.csv,knock_twice_left,YJ,reset_both,1.008,6048,5868,20,10,9.0751131772995,9,1,11,9,1,11,400.0,180.0,0,0.0,0,0,0,10,10,0,0,0,0
train,imu_YJ_knock_twice_left_20260831_133418.csv,knock_twice_left,YJ,carry_gru_only,1.008,6048,5868,20,10,9.066118121147156,9,1,11,9,1,11,400.0,180.0,0,0.0,0,0,0,10,10,0,0,0,0
train,imu_YJ_knock_twice_left_20260831_133418.csv,knock_twice_left,YJ,carry_cnn_only,1.008,6048,5868,20,10,9.148158133029938,9,1,11,9,1,11,400.0,180.0,0,0.0,0,0,0,10,10,0,0,0,0
train,imu_YJ_knock_twice_left_20260831_133418.csv,knock_twice_left,YJ,continuous,1.008,6048,5868,20,10,9.069017082452774,9,1,11,9,1,11,400.0,180.0,0,0.0,0,0,0,10,10,0,0,0,0
train,imu_YJ_knock_twice_left_20260901_155513.csv,knock_twice_left,YJ,reset_both,1.0081666666666667,6049,5911,20,20,7.012687385082245,20,0,0,20,0,0,650.0,-150.0,0,0.0,0,0,0,0,20,0,0,0,0
train,imu_YJ_knock_twice_left_20260901_155513.csv,knock_twice_left,YJ,carry_gru_only,1.0081666666666667,6049,5911,20,20,7.003628760576248,20,0,0,20,0,0,650.0,-150.0,0,0.0,0,0,0,0,20,0,0,0,0
train,imu_YJ_knock_twice_left_20260901_155513.csv,knock_twice_left,YJ,carry_cnn_only,1.0081666666666667,6049,5911,20,20,7.089626967906952,20,0,0,20,0,0,650.0,-150.0,0,0.0,0,0,0,0,20,0,0,0,0
train,imu_YJ_knock_twice_left_20260901_155513.csv,knock_twice_left,YJ,continuous,1.0081666666666667,6049,5911,20,20,7.0069703459739685,20,0,0,20,0,0,650.0,-150.0,0,0.0,0,0,0,0,20,0,0,0,0
train,imu_YJ_knock_twice_left_20260901_155622.csv,knock_twice_left,YJ,reset_both,1.008,6048,5921,20,19,7.053608179092407,19,0,1,19,0,1,400.0,-200.0,0,0.0,0,0,0,1,19,0,0,0,0
train,imu_YJ_knock_twice_left_20260901_155622.csv,knock_twice_left,YJ,carry_gru_only,1.008,6048,5921,20,19,7.044599682092667,19,0,1,19,0,1,400.0,-200.0,0,0.0,0,0,0,1,19,0,0,0,0
train,imu_YJ_knock_twice_left_20260901_155622.csv,knock_twice_left,YJ,carry_cnn_only,1.008,6048,5921,20,19,7.127777993679047,19,0,1,19,0,1,400.0,-200.0,0,0.0,0,0,0,1,19,0,0,0,0
train,imu_YJ_knock_twice_left_20260901_155622.csv,knock_twice_left,YJ,continuous,1.008,6048,5921,20,19,7.046824216842651,19,0,1,19,0,1,400.0,-200.0,0,0.0,0,0,0,1,19,0,0,0,0
train,imu_YJ_knock_twice_right_20260831_112252.csv,knock_twice_right,YJ,reset_both,1.0081666666666667,6049,5819,20,20,6.394809812307358,20,0,0,20,0,0,350.0,70.0,0,0.0,0,0,0,0,0,0,0,0,20
train,imu_YJ_knock_twice_right_20260831_112252.csv,knock_twice_right,YJ,carry_gru_only,1.0081666666666667,6049,5819,20,20,6.385782092809677,20,0,0,20,0,0,350.0,70.0,0,0.0,0,0,0,0,0,0,0,0,20
train,imu_YJ_knock_twice_right_20260831_112252.csv,knock_twice_right,YJ,carry_cnn_only,1.0081666666666667,6049,5819,20,20,6.46743044257164,20,0,0,20,0,0,350.0,70.0,0,0.0,0,0,0,0,0,0,0,0,20
train,imu_YJ_knock_twice_right_20260831_112252.csv,knock_twice_right,YJ,continuous,1.0081666666666667,6049,5819,20,20,6.388908237218857,20,0,0,20,0,0,350.0,70.0,0,0.0,0,0,0,0,0,0,0,0,20
train,imu_YJ_knock_twice_right_20260831_140233.csv,knock_twice_right,YJ,reset_both,1.0085,6051,5756,20,19,8.814723819494247,17,3,3,18,2,2,470.0,-410.0,0,0.0,0,0,0,0,0,0,0,1,19
train,imu_YJ_knock_twice_right_20260831_140233.csv,knock_twice_right,YJ,carry_gru_only,1.0085,6051,5756,20,19,8.80573856830597,17,3,3,18,2,2,470.0,-410.0,0,0.0,0,0,0,0,0,0,0,1,19
train,imu_YJ_knock_twice_right_20260831_140233.csv,knock_twice_right,YJ,carry_cnn_only,1.0085,6051,5756,20,19,8.891399472951889,17,3,3,18,2,2,470.0,-410.0,0,0.0,0,0,0,0,0,0,0,1,19
train,imu_YJ_knock_twice_right_20260831_140233.csv,knock_twice_right,YJ,continuous,1.0085,6051,5756,20,19,8.809098213911057,17,3,3,18,2,2,470.0,-410.0,0,0.0,0,0,0,0,0,0,0,1,19
train,imu_YJ_knock_twice_right_20260901_155852.csv,knock_twice_right,YJ,reset_both,1.0076666666666667,6046,5697,20,20,7.26455557346344,20,0,0,20,0,0,750.0,-730.0,0,0.0,0,0,0,0,0,0,0,0,20
train,imu_YJ_knock_twice_right_20260901_155852.csv,knock_twice_right,YJ,carry_gru_only,1.0076666666666667,6046,5697,20,20,7.255514323711395,20,0,0,20,0,0,750.0,-730.0,0,0.0,0,0,0,0,0,0,0,0,20
train,imu_YJ_knock_twice_right_20260901_155852.csv,knock_twice_right,YJ,carry_cnn_only,1.0076666666666667,6046,5697,20,20,7.339608937501907,20,0,0,20,0,0,750.0,-730.0,0,0.0,0,0,0,0,0,0,0,0,20
train,imu_YJ_knock_twice_right_20260901_155852.csv,knock_twice_right,YJ,continuous,1.0076666666666667,6046,5697,20,20,7.258499473333359,20,0,0,20,0,0,750.0,-730.0,0,0.0,0,0,0,0,0,0,0,0,20
train,imu_YJ_knock_twice_right_20260901_160008.csv,knock_twice_right,YJ,reset_both,1.008,6048,5873,20,20,6.473071247339249,20,0,0,20,0,0,160.0,-100.0,0,0.0,0,0,0,0,0,0,0,0,20
train,imu_YJ_knock_twice_right_20260901_160008.csv,knock_twice_right,YJ,carry_gru_only,1.008,6048,5873,20,20,6.464072644710541,20,0,0,20,0,0,160.0,-100.0,0,0.0,0,0,0,0,0,0,0,0,20
train,imu_YJ_knock_twice_right_20260901_160008.csv,knock_twice_right,YJ,carry_cnn_only,1.008,6048,5873,20,20,6.54741433262825,20,0,0,20,0,0,160.0,-100.0,0,0.0,0,0,0,0,0,0,0,0,20
train,imu_YJ_knock_twice_right_20260901_160008.csv,knock_twice_right,YJ,continuous,1.008,6048,5873,20,20,6.466935604810715,20,0,0,20,0,0,160.0,-100.0,0,0.0,0,0,0,0,0,0,0,0,20
train,imu_YJ_shake_phone_20260901_160454.csv,shake_phone,YJ,reset_both,1.0083333333333333,6050,6050,20,20,0.12545166979543865,0,0,0,0,0,0,0.0,0.0,0,1.0083333333333333,20,0,0,0,0,0,0,0,0
train,imu_YJ_shake_phone_20260901_160454.csv,shake_phone,YJ,carry_gru_only,1.0083333333333333,6050,6050,20,20,0.11012468999251723,0,0,0,0,0,0,0.0,0.0,0,1.0083333333333333,20,0,0,0,0,0,0,0,0
train,imu_YJ_shake_phone_20260901_160454.csv,shake_phone,YJ,carry_cnn_only,1.0083333333333333,6050,6050,20,20,0.1922026660759002,0,0,0,0,0,0,0.0,0.0,0,1.0083333333333333,20,0,0,0,0,0,0,0,0
train,imu_YJ_shake_phone_20260901_160454.csv,shake_phone,YJ,continuous,1.0083333333333333,6050,6050,20,20,0.11264261789619923,0,0,0,0,0,0,0.0,0.0,0,1.0083333333333333,20,0,0,0,0,0,0,0,0
train,imu_YYQ_knock_twice_left_20260904_095856.csv,knock_twice_left,YYQ,reset_both,1.0093333333333334,6056,5781,20,20,6.507452338933945,17,3,3,17,3,3,1010.0,-870.0,0,0.0,0,0,0,0,20,0,0,0,0
train,imu_YYQ_knock_twice_left_20260904_095856.csv,knock_twice_left,YYQ,carry_gru_only,1.0093333333333334,6056,5781,20,20,6.498377174139023,17,3,3,17,3,3,1010.0,-870.0,0,0.0,0,0,0,0,20,0,0,0,0
train,imu_YYQ_knock_twice_left_20260904_095856.csv,knock_twice_left,YYQ,carry_cnn_only,1.0093333333333334,6056,5781,20,20,6.581521064043045,17,3,3,17,3,3,1010.0,-870.0,0,0.0,0,0,0,0,20,0,0,0,0
train,imu_YYQ_knock_twice_left_20260904_095856.csv,knock_twice_left,YYQ,continuous,1.0093333333333334,6056,5781,20,20,6.501148581504822,17,3,3,17,3,3,1010.0,-870.0,0,0.0,0,0,0,0,20,0,0,0,0
train,imu_YYQ_knock_twice_right_20260904_095740.csv,knock_twice_right,YYQ,reset_both,1.0091666666666665,6055,5793,20,19,7.4833327531814575,17,2,3,17,2,3,880.0,-680.0,0,0.0,0,0,0,0,0,0,1,0,19
train,imu_YYQ_knock_twice_right_20260904_095740.csv,knock_twice_right,YYQ,carry_gru_only,1.0091666666666665,6055,5793,20,19,7.474357694387436,17,2,3,17,2,3,880.0,-680.0,0,0.0,0,0,0,0,0,0,1,0,19
train,imu_YYQ_knock_twice_right_20260904_095740.csv,knock_twice_right,YYQ,carry_cnn_only,1.0091666666666665,6055,5793,20,19,7.557860642671585,17,2,3,17,2,3,880.0,-680.0,0,0.0,0,0,0,0,0,0,1,0,19
train,imu_YYQ_knock_twice_right_20260904_095740.csv,knock_twice_right,YYQ,continuous,1.0091666666666665,6055,5793,20,19,7.477107405662537,17,2,3,17,2,3,880.0,-680.0,0,0.0,0,0,0,0,0,0,1,0,19
train,imu_Ym_knock_twice_left_20260904_111043.csv,knock_twice_left,Ym,reset_both,1.0098333333333334,6059,5853,20,16,8.190827578306198,16,0,4,16,0,4,400.0,240.0,0,0.0,0,0,0,4,16,0,0,0,0
train,imu_Ym_knock_twice_left_20260904_111043.csv,knock_twice_left,Ym,carry_gru_only,1.0098333333333334,6059,5853,20,16,8.181833952665329,16,0,4,16,0,4,400.0,240.0,0,0.0,0,0,0,4,16,0,0,0,0
train,imu_Ym_knock_twice_left_20260904_111043.csv,knock_twice_left,Ym,carry_cnn_only,1.0098333333333334,6059,5853,20,16,8.261920511722565,16,0,4,16,0,4,400.0,240.0,0,0.0,0,0,0,4,16,0,0,0,0
train,imu_Ym_knock_twice_left_20260904_111043.csv,knock_twice_left,Ym,continuous,1.0098333333333334,6059,5853,20,16,8.184550881385803,16,0,4,16,0,4,400.0,240.0,0,0.0,0,0,0,4,16,0,0,0,0
train,imu_Ym_knock_twice_right_20260904_110925.csv,knock_twice_right,Ym,reset_both,1.0093333333333334,6056,5748,20,18,9.2975914478302,17,1,3,17,1,3,970.0,50.0,0,0.0,0,0,0,0,0,0,2,0,18
train,imu_Ym_knock_twice_right_20260904_110925.csv,knock_twice_right,Ym,carry_gru_only,1.0093333333333334,6056,5748,20,18,9.288612872362137,17,1,3,17,1,3,970.0,50.0,0,0.0,0,0,0,0,0,0,2,0,18
train,imu_Ym_knock_twice_right_20260904_110925.csv,knock_twice_right,Ym,carry_cnn_only,1.0093333333333334,6056,5748,20,18,9.368333905935287,17,1,3,17,1,3,970.0,50.0,0,0.0,0,0,0,0,0,0,2,0,18
train,imu_Ym_knock_twice_right_20260904_110925.csv,knock_twice_right,Ym,continuous,1.0093333333333334,6056,5748,20,18,9.291225731372833,17,1,3,17,1,3,970.0,50.0,0,0.0,0,0,0,0,0,0,2,0,18
train,imu_ZR_pick_place_20260909_091335.csv,pick_place,ZR,reset_both,1.0103333333333333,6062,5857,20,8,1.9876347407698631,0,14,0,0,14,0,0.0,0.0,14,1.0103333333333333,8,11,1,0,0,0,0,0,0
train,imu_ZR_pick_place_20260909_091335.csv,pick_place,ZR,carry_gru_only,1.0103333333333333,6062,5857,20,8,1.973504620604217,0,14,0,0,14,0,0.0,0.0,14,1.0103333333333333,8,11,1,0,0,0,0,0,0
train,imu_ZR_pick_place_20260909_091335.csv,pick_place,ZR,carry_cnn_only,1.0103333333333333,6062,5857,20,8,2.0838168407790363,0,14,0,0,14,0,0.0,0.0,14,1.0103333333333333,8,11,1,0,0,0,0,0,0
train,imu_ZR_pick_place_20260909_091335.csv,pick_place,ZR,continuous,1.0103333333333333,6062,5857,20,8,1.9877997804433107,0,14,0,0,14,0,0.0,0.0,14,1.0103333333333333,8,11,1,0,0,0,0,0,0
train,imu_ZR_shake_phone_20260908_175719.csv,shake_phone,ZR,reset_both,1.009,6054,6049,20,17,0.2661790093407035,0,3,0,0,3,0,0.0,0.0,3,1.009,17,3,0,0,0,0,0,0,0
train,imu_ZR_shake_phone_20260908_175719.csv,shake_phone,ZR,carry_gru_only,1.009,6054,6049,20,17,0.25240871543064713,0,3,0,0,3,0,0.0,0.0,3,1.009,17,3,0,0,0,0,0,0,0
train,imu_ZR_shake_phone_20260908_175719.csv,shake_phone,ZR,carry_cnn_only,1.009,6054,6049,20,17,0.39277540519833565,0,3,0,0,3,0,0.0,0.0,3,1.009,17,3,0,0,0,0,0,0,0
train,imu_ZR_shake_phone_20260908_175719.csv,shake_phone,ZR,continuous,1.009,6054,6049,20,17,0.26223969692364335,0,3,0,0,3,0,0.0,0.0,3,1.009,17,3,0,0,0,0,0,0,0
train,imu_ZR_shake_phone_20260909_091204.csv,shake_phone,ZR,reset_both,1.0106666666666666,6064,6064,20,20,0.21226818952709436,0,0,0,0,0,0,0.0,0.0,0,1.0106666666666666,20,0,0,0,0,0,0,0,0
train,imu_ZR_shake_phone_20260909_091204.csv,shake_phone,ZR,carry_gru_only,1.0106666666666666,6064,6064,20,20,0.19838964380323887,0,0,0,0,0,0,0.0,0.0,0,1.0106666666666666,20,0,0,0,0,0,0,0,0
train,imu_ZR_shake_phone_20260909_091204.csv,shake_phone,ZR,carry_cnn_only,1.0106666666666666,6064,6061,20,19,0.34767674654722214,0,1,0,0,1,0,0.0,0.0,1,1.0106666666666666,19,0,1,0,0,0,0,0,0
train,imu_ZR_shake_phone_20260909_091204.csv,shake_phone,ZR,continuous,1.0106666666666666,6064,6062,20,19,0.22182569722644985,0,1,0,0,1,0,0.0,0.0,1,1.0106666666666666,19,0,1,0,0,0,0,0,0
train,imu_ZR_switch_hand_20260909_092838.csv,switch_hand,ZR,reset_both,1.0101666666666667,6061,6049,20,15,0.45409508561715484,0,6,0,0,6,0,0.0,0.0,6,1.0101666666666667,15,2,3,0,0,0,0,0,0
train,imu_ZR_switch_hand_20260909_092838.csv,switch_hand,ZR,carry_gru_only,1.0101666666666667,6061,6049,20,15,0.440311441430822,0,6,0,0,6,0,0.0,0.0,6,1.0101666666666667,15,2,3,0,0,0,0,0,0
train,imu_ZR_switch_hand_20260909_092838.csv,switch_hand,ZR,carry_cnn_only,1.0101666666666667,6061,6046,20,14,0.6374510256573558,0,7,0,0,7,0,0.0,0.0,7,1.0101666666666667,14,4,2,0,0,0,0,0,0
train,imu_ZR_switch_hand_20260909_092838.csv,switch_hand,ZR,continuous,1.0101666666666667,6061,6046,20,14,0.5088601906318218,0,7,0,0,7,0,0.0,0.0,7,1.0101666666666667,14,4,2,0,0,0,0,0,0
valid,imu_CC_adjust_grip_20260901_154104.csv,adjust_grip,CC,reset_both,1.0085,6051,6034,20,16,0.44847563514485955,0,4,0,0,4,0,0.0,0.0,4,1.0085,16,2,2,0,0,0,0,0,0
valid,imu_CC_adjust_grip_20260901_154104.csv,adjust_grip,CC,carry_gru_only,1.0085,6051,6034,20,16,0.4347698932979256,0,4,0,0,4,0,0.0,0.0,4,1.0085,16,2,2,0,0,0,0,0,0
valid,imu_CC_adjust_grip_20260901_154104.csv,adjust_grip,CC,carry_cnn_only,1.0085,6051,6034,20,16,0.549589840695262,0,4,0,0,4,0,0.0,0.0,4,1.0085,16,2,2,0,0,0,0,0,0
valid,imu_CC_adjust_grip_20260901_154104.csv,adjust_grip,CC,continuous,1.0085,6051,6034,20,16,0.43909202003851533,0,4,0,0,4,0,0.0,0.0,4,1.0085,16,2,2,0,0,0,0,0,0
valid,imu_CC_knock_once_20260901_153844.csv,knock_once,CC,reset_both,1.009,6054,6018,20,14,0.7229797570034862,0,6,0,0,6,0,0.0,0.0,6,1.009,14,0,6,0,0,0,0,0,0
valid,imu_CC_knock_once_20260901_153844.csv,knock_once,CC,carry_gru_only,1.009,6054,6018,20,14,0.7095167227089405,0,6,0,0,6,0,0.0,0.0,6,1.009,14,0,6,0,0,0,0,0,0
valid,imu_CC_knock_once_20260901_153844.csv,knock_once,CC,carry_cnn_only,1.009,6054,6018,20,14,0.8330021109431982,0,6,0,0,6,0,0.0,0.0,6,1.009,14,0,6,0,0,0,0,0,0
valid,imu_CC_knock_once_20260901_153844.csv,knock_once,CC,continuous,1.009,6054,6018,20,14,0.7137687122449279,0,6,0,0,6,0,0.0,0.0,6,1.009,14,0,6,0,0,0,0,0,0
valid,imu_CC_shake_phone_20260901_154507.csv,shake_phone,CC,reset_both,1.0083333333333333,6050,6050,20,20,0.07391336536966264,0,0,0,0,0,0,0.0,0.0,0,1.0083333333333333,20,0,0,0,0,0,0,0,0
valid,imu_CC_shake_phone_20260901_154507.csv,shake_phone,CC,carry_gru_only,1.0083333333333333,6050,6050,20,20,0.06007383298128843,0,0,0,0,0,0,0.0,0.0,0,1.0083333333333333,20,0,0,0,0,0,0,0,0
valid,imu_CC_shake_phone_20260901_154507.csv,shake_phone,CC,carry_cnn_only,1.0083333333333333,6050,6050,20,20,0.15647688321769238,0,0,0,0,0,0,0.0,0.0,0,1.0083333333333333,20,0,0,0,0,0,0,0,0
valid,imu_CC_shake_phone_20260901_154507.csv,shake_phone,CC,continuous,1.0083333333333333,6050,6050,20,20,0.06345370330382138,0,0,0,0,0,0,0.0,0.0,0,1.0083333333333333,20,0,0,0,0,0,0,0,0
valid,imu_TY_arbitrary_20260831_141803.csv,arbitrary,TY,reset_both,1.0088333333333332,6053,6044,20,17,0.30407686450053006,0,3,0,0,3,0,0.0,0.0,3,1.0088333333333332,17,3,0,0,0,0,0,0,0
valid,imu_TY_arbitrary_20260831_141803.csv,arbitrary,TY,carry_gru_only,1.0088333333333332,6053,6044,20,17,0.28639258653856814,0,3,0,0,3,0,0.0,0.0,3,1.0088333333333332,17,3,0,0,0,0,0,0,0
valid,imu_TY_arbitrary_20260831_141803.csv,arbitrary,TY,carry_cnn_only,1.0088333333333332,6053,6044,20,17,0.3438044225331396,0,3,0,0,3,0,0.0,0.0,3,1.0088333333333332,17,3,0,0,0,0,0,0,0
valid,imu_TY_arbitrary_20260831_141803.csv,arbitrary,TY,continuous,1.0088333333333332,6053,6044,20,17,0.28644526714924723,0,3,0,0,3,0,0.0,0.0,3,1.0088333333333332,17,3,0,0,0,0,0,0,0
valid,imu_YJ_pick_place_20260901_160605.csv,pick_place,YJ,reset_both,1.0081666666666667,6049,5973,20,10,0.9791052546352148,0,10,0,0,10,0,0.0,0.0,10,1.0081666666666667,10,10,0,0,0,0,0,0,0
valid,imu_YJ_pick_place_20260901_160605.csv,pick_place,YJ,carry_gru_only,1.0081666666666667,6049,5973,20,10,0.9651579910423607,0,10,0,0,10,0,0.0,0.0,10,1.0081666666666667,10,10,0,0,0,0,0,0,0
valid,imu_YJ_pick_place_20260901_160605.csv,pick_place,YJ,carry_cnn_only,1.0081666666666667,6049,5973,20,10,1.0695844450965524,0,10,0,0,10,0,0.0,0.0,10,1.0081666666666667,10,10,0,0,0,0,0,0,0
valid,imu_YJ_pick_place_20260901_160605.csv,pick_place,YJ,continuous,1.0081666666666667,6049,5973,20,10,0.9689813912846148,0,10,0,0,10,0,0.0,0.0,10,1.0081666666666667,10,10,0,0,0,0,0,0,0
valid,imu_YJ_switch_hand_20260901_161017.csv,switch_hand,YJ,reset_both,1.0085,6051,6029,20,17,0.5471621500328183,0,3,0,0,3,0,0.0,0.0,3,1.0085,17,2,1,0,0,0,0,0,0
valid,imu_YJ_switch_hand_20260901_161017.csv,switch_hand,YJ,carry_gru_only,1.0085,6051,6029,20,17,0.533666180446744,0,3,0,0,3,0,0.0,0.0,3,1.0085,17,2,1,0,0,0,0,0,0
valid,imu_YJ_switch_hand_20260901_161017.csv,switch_hand,YJ,carry_cnn_only,1.0085,6051,6029,20,17,0.6423442736268044,0,3,0,0,3,0,0.0,0.0,3,1.0085,17,2,1,0,0,0,0,0,0
valid,imu_YJ_switch_hand_20260901_161017.csv,switch_hand,YJ,continuous,1.0085,6051,6029,20,17,0.5371878701262176,0,3,0,0,3,0,0.0,0.0,3,1.0085,17,2,1,0,0,0,0,0,0
valid,imu_ZR_knock_twice_right_20260831_105143.csv,knock_twice_right,ZR,reset_both,1.014,6084,5891,20,20,7.496020019054413,11,9,9,11,9,9,390.0,250.0,0,0.0,0,0,0,0,0,0,0,0,20
valid,imu_ZR_knock_twice_right_20260831_105143.csv,knock_twice_right,ZR,carry_gru_only,1.014,6084,5891,20,20,7.487040042877197,11,9,9,11,9,9,390.0,250.0,0,0.0,0,0,0,0,0,0,0,0,20
valid,imu_ZR_knock_twice_right_20260831_105143.csv,knock_twice_right,ZR,carry_cnn_only,1.014,6084,5891,20,20,7.571723937988281,11,9,9,11,9,9,390.0,250.0,0,0.0,0,0,0,0,0,0,0,0,20
valid,imu_ZR_knock_twice_right_20260831_105143.csv,knock_twice_right,ZR,continuous,1.014,6084,5891,20,20,7.490034490823746,11,9,9,11,9,9,390.0,250.0,0,0.0,0,0,0,0,0,0,0,0,20
valid,imu_ZR_knock_twice_right_20260831_111010.csv,knock_twice_right,ZR,reset_both,1.0078333333333334,6047,5919,20,20,6.309852361679077,14,6,6,14,6,6,210.0,170.0,0,0.0,0,0,0,0,0,0,0,0,20
valid,imu_ZR_knock_twice_right_20260831_111010.csv,knock_twice_right,ZR,carry_gru_only,1.0078333333333334,6047,5919,20,20,6.30085963010788,14,6,6,14,6,6,210.0,170.0,0,0.0,0,0,0,0,0,0,0,0,20
valid,imu_ZR_knock_twice_right_20260831_111010.csv,knock_twice_right,ZR,carry_cnn_only,1.0078333333333334,6047,5919,20,20,6.387529671192169,14,6,6,14,6,6,210.0,170.0,0,0.0,0,0,0,0,0,0,0,0,20
valid,imu_ZR_knock_twice_right_20260831_111010.csv,knock_twice_right,ZR,continuous,1.0078333333333334,6047,5919,20,20,6.303811222314835,14,6,6,14,6,6,210.0,170.0,0,0.0,0,0,0,0,0,0,0,0,20
valid,imu_ZR_shake_phone_20260904_102826.csv,shake_phone,ZR,reset_both,1.0088333333333332,6053,6017,20,19,0.452269378118217,0,2,0,0,2,0,0.0,0.0,2,1.0088333333333332,19,0,1,0,0,0,0,0,0
valid,imu_ZR_shake_phone_20260904_102826.csv,shake_phone,ZR,carry_gru_only,1.0088333333333332,6053,6017,20,19,0.4354088897816837,0,2,0,0,2,0,0.0,0.0,2,1.0088333333333332,19,0,1,0,0,0,0,0,0
valid,imu_ZR_shake_phone_20260904_102826.csv,shake_phone,ZR,carry_cnn_only,1.0088333333333332,6053,6017,20,19,0.5273671152535826,0,2,0,0,2,0,0.0,0.0,2,1.0088333333333332,19,0,1,0,0,0,0,0,0
valid,imu_ZR_shake_phone_20260904_102826.csv,shake_phone,ZR,continuous,1.0088333333333332,6053,6017,20,19,0.4452456629369408,0,2,0,0,2,0,0.0,0.0,2,1.0088333333333332,19,0,1,0,0,0,0,0,0
valid,imu_yzj_knock_twice_left_20260904_095015.csv,knock_twice_left,yzj,reset_both,1.009,6054,5756,20,20,7.0054327845573425,15,6,5,15,6,5,790.0,-790.0,0,0.0,0,0,0,0,20,0,0,0,0
valid,imu_yzj_knock_twice_left_20260904_095015.csv,knock_twice_left,yzj,carry_gru_only,1.009,6054,5756,20,20,6.9964185655117035,15,6,5,15,6,5,790.0,-790.0,0,0.0,0,0,0,0,20,0,0,0,0
valid,imu_yzj_knock_twice_left_20260904_095015.csv,knock_twice_left,yzj,carry_cnn_only,1.009,6054,5755,20,20,7.0882983803749084,15,6,5,15,6,5,790.0,-790.0,0,0.0,0,0,0,0,20,0,0,0,0
valid,imu_yzj_knock_twice_left_20260904_095015.csv,knock_twice_left,yzj,continuous,1.009,6054,5755,20,20,7.01066979765892,15,6,5,15,6,5,790.0,-790.0,0,0.0,0,0,0,0,20,0,0,0,0
valid,imu_yzj_knock_twice_right_20260904_095127.csv,knock_twice_right,yzj,reset_both,1.0091666666666665,6055,5663,20,20,7.527763307094574,19,1,1,19,1,1,550.0,-550.0,0,0.0,0,0,0,0,0,0,0,0,20
valid,imu_yzj_knock_twice_right_20260904_095127.csv,knock_twice_right,yzj,carry_gru_only,1.0091666666666665,6055,5663,20,20,7.518787980079651,19,1,1,19,1,1,550.0,-550.0,0,0.0,0,0,0,0,0,0,0,0,20
valid,imu_yzj_knock_twice_right_20260904_095127.csv,knock_twice_right,yzj,carry_cnn_only,1.0091666666666665,6055,5663,20,20,7.604260802268982,19,1,1,19,1,1,550.0,-550.0,0,0.0,0,0,0,0,0,0,0,0,20
valid,imu_yzj_knock_twice_right_20260904_095127.csv,knock_twice_right,yzj,continuous,1.0091666666666665,6055,5663,20,20,7.521682977676392,19,1,1,19,1,1,550.0,-550.0,0,0.0,0,0,0,0,0,0,0,0,20
