split,mode,parameter,threshold,tolerance_sec,event_tp,event_fp,event_fn,binary_event_tp,binary_event_fp,binary_event_fn,timing_abs_ms_sum,timing_signed_ms_sum,negative_fp,negative_minutes,event_f1
train,continuous,threshold,0.3,0.15,401,201,39,402,200,38,19300.0,-13300.0,159,13.116166666666667,0.7696737044145874
train,continuous,threshold,0.4,0.15,407,153,33,408,152,32,16970.0,-8230.0,121,13.116166666666667,0.814
train,continuous,threshold,0.5,0.15,405,94,35,406,93,34,13990.0,-4390.0,81,13.116166666666667,0.8626198083067093
train,continuous,threshold,0.6,0.15,382,49,58,382,49,58,12100.0,-3260.0,39,13.116166666666667,0.8771526980482205
train,continuous,threshold,0.7,0.15,317,18,123,317,18,123,9270.0,-2950.0,12,13.116166666666667,0.8180645161290323
train,continuous,tolerance_sec,0.5,0.05,315,184,125,315,184,125,5820.0,-60.0,81,13.116166666666667,0.670926517571885
train,continuous,tolerance_sec,0.5,0.1,380,119,60,381,118,59,10780.0,-2960.0,81,13.116166666666667,0.8093716719914803
train,continuous,tolerance_sec,0.5,0.15,405,94,35,406,93,34,13990.0,-4390.0,81,13.116166666666667,0.8626198083067093
train,continuous,tolerance_sec,0.5,0.25,415,84,25,417,82,23,15810.0,-4630.0,81,13.116166666666667,0.8839190628328009
train,reset_both,threshold,0.3,0.15,401,210,39,402,209,38,19300.0,-13300.0,169,13.116166666666667,0.7630827783063748
train,reset_both,threshold,0.4,0.15,407,156,33,408,155,32,16970.0,-8230.0,125,13.116166666666667,0.8115653040877367
train,reset_both,threshold,0.5,0.15,405,97,35,406,96,34,13990.0,-4390.0,84,13.116166666666667,0.8598726114649682
train,reset_both,threshold,0.6,0.15,382,52,58,382,52,58,12100.0,-3260.0,42,13.116166666666667,0.8741418764302059
train,reset_both,threshold,0.7,0.15,317,21,123,317,21,123,9270.0,-2950.0,15,13.116166666666667,0.8149100257069408
train,reset_both,tolerance_sec,0.5,0.05,315,187,125,315,187,125,5820.0,-60.0,84,13.116166666666667,0.6687898089171974
train,reset_both,tolerance_sec,0.5,0.1,380,122,60,381,121,59,10780.0,-2960.0,84,13.116166666666667,0.8067940552016986
train,reset_both,tolerance_sec,0.5,0.15,405,97,35,406,96,34,13990.0,-4390.0,84,13.116166666666667,0.8598726114649682
train,reset_both,tolerance_sec,0.5,0.25,415,87,25,417,85,23,15810.0,-4630.0,84,13.116166666666667,0.881104033970276
valid,continuous,threshold,0.3,0.15,41,92,39,41,92,39,2480.0,-2140.0,49,7.0601666666666665,0.38497652582159625
valid,continuous,threshold,0.4,0.15,46,75,34,46,75,34,1940.0,-1380.0,40,7.0601666666666665,0.4577114427860697
valid,continuous,threshold,0.5,0.15,59,50,21,59,50,21,1940.0,-920.0,28,7.0601666666666665,0.6243386243386243
valid,continuous,threshold,0.6,0.15,73,25,7,73,25,7,2170.0,-410.0,17,7.0601666666666665,0.8202247191011236
valid,continuous,threshold,0.7,0.15,75,8,5,75,8,5,1810.0,450.0,6,7.0601666666666665,0.9202453987730062
valid,continuous,tolerance_sec,0.5,0.05,51,58,29,51,58,29,1100.0,-80.0,28,7.0601666666666665,0.5396825396825397
valid,continuous,tolerance_sec,0.5,0.1,56,53,24,56,53,24,1500.0,-480.0,28,7.0601666666666665,0.5925925925925926
valid,continuous,tolerance_sec,0.5,0.15,59,50,21,59,50,21,1940.0,-920.0,28,7.0601666666666665,0.6243386243386243
valid,continuous,tolerance_sec,0.5,0.25,78,31,2,78,31,2,5470.0,-4030.0,28,7.0601666666666665,0.8253968253968254
valid,reset_both,threshold,0.3,0.15,41,92,39,41,92,39,2480.0,-2140.0,49,7.0601666666666665,0.38497652582159625
valid,reset_both,threshold,0.4,0.15,46,75,34,46,75,34,1940.0,-1380.0,40,7.0601666666666665,0.4577114427860697
valid,reset_both,threshold,0.5,0.15,59,50,21,59,50,21,1940.0,-920.0,28,7.0601666666666665,0.6243386243386243
valid,reset_both,threshold,0.6,0.15,73,25,7,73,25,7,2170.0,-410.0,17,7.0601666666666665,0.8202247191011236
valid,reset_both,threshold,0.7,0.15,75,8,5,75,8,5,1810.0,450.0,6,7.0601666666666665,0.9202453987730062
valid,reset_both,tolerance_sec,0.5,0.05,51,58,29,51,58,29,1100.0,-80.0,28,7.0601666666666665,0.5396825396825397
valid,reset_both,tolerance_sec,0.5,0.1,56,53,24,56,53,24,1500.0,-480.0,28,7.0601666666666665,0.5925925925925926
valid,reset_both,tolerance_sec,0.5,0.15,59,50,21,59,50,21,1940.0,-920.0,28,7.0601666666666665,0.6243386243386243
valid,reset_both,tolerance_sec,0.5,0.25,78,31,2,78,31,2,5470.0,-4030.0,28,7.0601666666666665,0.8253968253968254
